Workbook

Sheet Resumo Executivo
B2: LabManager - Gestão de Laboratórios (Node.js + Electron + SQLite)
B3: Visão Geral de Requisitos e Arquitetura Desktop / Local (Base: Fenda ➔ Node.js/TypeScript)
B5: Alunos : Guilherme Mainardi Bessa, Igor Fernando Silva Lemes, Leonardo Florindo Alves Rodrigues e Kássio Adriano Fernandes Da Silva, Wagner Silva Berigo Junior .
B10: TOTAL DE REQUISITOS | D10: REQUISITOS FUNCIONAIS (RF) | G10: REQ. NÃO FUNCIONAIS (RNF)
B11: =COUNTA(Requisitos!B6:B20) -> 15 | D11: =COUNTIF(Requisitos!C6:C20, "Funcional") -> 9 | G11: =COUNTIF(Requisitos!C6:C20, "Não Funcional") -> 6
B14: Resumo por Categoria de Requisito
B15: Categoria / Módulo | C15: Qtd RF | D15: Qtd RNF | E15: Total
B16: Gestão & Acesso | C16: =COUNTIFS(Requisitos!$D$6:$D$20, "Gestão & Acesso", Requisitos!$C$6:$C$20, "Funcional") -> 2 | D16: =COUNTIFS(Requisitos!$D$6:$D$20, "Gestão & Acesso", Requisitos!$C$6:$C$20, "Não Funcional") -> 0 | E16: =SUM(C16:D16) -> 2
B17: Reservas & Agendamento | C17: =COUNTIFS(Requisitos!$D$6:$D$20, "Reservas & Agendamento", Requisitos!$C$6:$C$20, "Funcional") -> 2 | D17: =COUNTIFS(Requisitos!$D$6:$D$20, "Reservas & Agendamento", Requisitos!$C$6:$C$20, "Não Funcional") -> 1 | E17: =SUM(C17:D17) -> 3
B18: Almoxarifado & Estoque | C18: =COUNTIFS(Requisitos!$D$6:$D$20, "Almoxarifado & Estoque", Requisitos!$C$6:$C$20, "Funcional") -> 1 | D18: =COUNTIFS(Requisitos!$D$6:$D$20, "Almoxarifado & Estoque", Requisitos!$C$6:$C$20, "Não Funcional") -> 0 | E18: =SUM(C18:D18) -> 1
B19: Manutenção & Equipamentos | C19: =COUNTIFS(Requisitos!$D$6:$D$20, "Manutenção & Equipamentos", Requisitos!$C$6:$C$20, "Funcional") -> 2 | D19: =COUNTIFS(Requisitos!$D$6:$D$20, "Manutenção & Equipamentos", Requisitos!$C$6:$C$20, "Não Funcional") -> 0 | E19: =SUM(C19:D19) -> 2
B20: Relatórios & Notificações | C20: =COUNTIFS(Requisitos!$D$6:$D$20, "Relatórios & Notificações", Requisitos!$C$6:$C$20, "Funcional") -> 2 | D20: =COUNTIFS(Requisitos!$D$6:$D$20, "Relatórios & Notificações", Requisitos!$C$6:$C$20, "Não Funcional") -> 0 | E20: =SUM(C20:D20) -> 2
B21: Segurança & Desempenho | C21: =COUNTIFS(Requisitos!$D$6:$D$20, "Segurança & Desempenho", Requisitos!$C$6:$C$20, "Funcional") -> 0 | D21: =COUNTIFS(Requisitos!$D$6:$D$20, "Segurança & Desempenho", Requisitos!$C$6:$C$20, "Não Funcional") -> 2 | E21: =SUM(C21:D21) -> 2
B22: Usabilidade & Arquitetura | C22: =COUNTIFS(Requisitos!$D$6:$D$20, "Usabilidade & Arquitetura", Requisitos!$C$6:$C$20, "Funcional") -> 0 | D22: =COUNTIFS(Requisitos!$D$6:$D$20, "Usabilidade & Arquitetura", Requisitos!$C$6:$C$20, "Não Funcional") -> 2 | E22: =SUM(C22:D22) -> 2
B23: Distribuição & Empacotamento | C23: =COUNTIFS(Requisitos!$D$6:$D$20, "Distribuição & Empacotamento", Requisitos!$C$6:$C$20, "Funcional") -> 0 | D23: =COUNTIFS(Requisitos!$D$6:$D$20, "Distribuição & Empacotamento", Requisitos!$C$6:$C$20, "Não Funcional") -> 1 | E23: =SUM(C23:D23) -> 1
B24: Total Geral | C24: =SUM(C16:C23) -> 9 | D24: =SUM(D16:D23) -> 6 | E24: =SUM(E16:E23) -> 15

Sheet Requisitos
B2: Tabela de Requisitos do Sistema - LabManager (Node.js + Electron + SQLite)
B3: Especificação dos Requisitos Funcionais (RF) e Não Funcionais (RNF) para aplicação Desktop
B5: Código | C5: Tipo | D5: Categoria / Módulo | E5: Requisito | F5: Descrição Detalhada | G5: Prioridade | H5: Origem / Reuso | I5: Status Estimado
B6: RF01 | C6: Funcional | D6: Gestão & Acesso | E6: Gestão de Usuários | F6: Cadastro, login e perfis (professor, aluno, gestor) com autenticação local (SQLite). Suporte a múltiplos usuários na mesma máquina. | G6: Alta | H6: Reescrito da Fenda | I6: Em Planejamento
B7: RF02 | C7: Funcional | D7: Gestão & Acesso | E7: Cadastro de Laboratórios | F7: Manter 3 laboratórios (1 com 40 lugares, 2 com 32). Status (ativo/manutenção). Dados persistidos no SQLite. | G7: Alta | H7: Adaptado da Fenda | I7: Em Planejamento
B8: RF03 | C8: Funcional | D8: Reservas & Agendamento | E8: Agendamento de Reservas | F8: Usuários solicitam reserva (data/hora/laboratório). Verificação de conflito (atomicidade) via transações SQLite. Status: pendente, aprovada, rejeitada, cancelada. | G8: Crítica | H8: Adaptado da Fenda | I8: Em Planejamento
B9: RF04 | C9: Funcional | D9: Reservas & Agendamento | E9: Aprovação de Reservas | F9: Gestor (admin) aprova/rejeita solicitações via interface. Notificações em tempo real (IPC ou WebSocket local). | G9: Alta | H9: Adaptado da Fenda | I9: Em Planejamento
B10: RF05 | C10: Funcional | D10: Almoxarifado & Estoque | E10: Gestão de Almoxarifado | F10: Controle de insumos (quantidade, unidade, estoque mínimo) no SQLite. Alertas automáticos quando abaixo do mínimo (via interface). | G10: Média | H10: Novo Módulo | I10: Pendente
B11: RF06 | C11: Funcional | D11: Manutenção & Equipamentos | E11: Gestão de Equipamentos | F11: Cadastro de equipamentos por laboratório com status (operacional, em manutenção, sucata). | G11: Média | H11: Novo Módulo | I11: Pendente
B12: RF07 | C12: Funcional | D12: Manutenção & Equipamentos | E12: Manutenção Preventiva | F12: Agendamento de manutenções com data prevista/realizada. Relatório de equipamentos com manutenção vencida. | G12: Média | H12: Novo Módulo | I12: Pendente
B13: RF08 | C13: Funcional | D13: Relatórios & Notificações | E13: Relatórios Gerenciais | F13: Geração de relatórios (PDF/Excel) semanais/mensais com ocupação, manutenções atrasadas e sugestão de compras. | G13: Média | H13: Novo Módulo | I13: Pendente
B14: RF09 | C14: Funcional | D14: Relatórios & Notificações | E14: Notificações em Tempo Real | F14: Sistema de notificações nativas do Electron (tray, badge) e pop-ups para novas solicitações e aprovações. | G14: Alta | H14: Adaptado (Electron API) | I14: Em Planejamento
B15: RNF01 | C15: Não Funcional | D15: Segurança & Desempenho | E15: Segurança | F15: Uso de prepared statements (via Prisma/TypeORM/better-sqlite3), validação de entrada, hash de senhas (bcrypt), proteção contra XSS e CSRF (se aplicável). Sessão gerenciada via JWT ou cookie seguro. | G15: Crítica | H15: Adaptado para Node.js | I15: Especificado
B16: RNF02 | C16: Não Funcional | D16: Usabilidade & Arquitetura | E16: Usabilidade | F16: Interface moderna (HTML/CSS/JS ou React) com design responsivo, temas, animações suaves e feedback visual. | G16: Alta | H16: Adaptado para Desktop | I16: Especificado
... B20: RNF06 | C20: Não Funcional | D20: Distribuição & Empacotamento | E20: Distribuição Executável | F20: Empacotamento como executável (.exe, .dmg, .AppImage) para Windows, macOS e Linux via electron-builder. | G20: Alta | H20: Build Electron | I20: Em Planejamento

Sheet Mapeamento Fenda (Node.js)
B2: Mapeamento de Entidades e Módulos (Fenda PHP ➔ LabManager Node.js / Electron)
B3: Migração de conceitos do backend PHP para a stack Node.js + TypeScript + Electron + SQLite
B5: Elemento Original (Fenda PHP) | C5: Equivalente no LabManager (Node.js) | D5: Tecnologia / Middleware | E5: Estratégia de Adaptação / Transição
B6: usuarios (MySQL) | C6: usuarios (SQLite) | D6: Prisma ORM / better-sqlite3 | E6: Reescrever model em Schema Prisma. Hash de senha com bcryptjs.
B7: comunidades | C7: laboratorios | D7: Express REST Controller / Route | E7: Adicionar campos 'capacidade' (CHECK 40,32) e 'status' (ativo/manutenção).
B8: comunidade_membros | C8: laboratorio_permissoes | D8: Express Middleware (auth/roles) | E8: Controlar papéis: 'admin', 'professor', 'aluno' por laboratório.
B9: mensagens (posts) | C9: reservas | D9: Prisma Transactions (db.$transaction) | E9: Garantir atomicidade na solicitação/aprovação e evitar choque de horário.
B10: eventos | C10: manutencoes | D10: Service Layer / Repository | E10: Gerenciar datas previstas e realizadas para manutenção preventiva de equipamentos.
B11: notificacoes (polling/PHP) | C11: notificacoes (Nativas) | D11: Electron API (Notification, Tray, Badge) | E11: Substituir polling web por notificações nativas do sistema operacional via Electron.
B12: upload_engine (PHP) | C12: Upload Controller | D12: Multer + file-type (Node.js) | E12: Validar MIME types e extensão; salvar no sistema de arquivos local (`fs`).
B13: B2Client (S3 Cloud) | C13: Armazenamento Local (`fs`) | D13: Node.js File System (`fs/promises`) | E13: Substituir nuvem por pastas locais do aplicativo no Desktop.
B14: Sessão PHP ($_SESSION) | C14: Autenticação Local / JWT | D14: jsonwebtoken / Cookie Seguro / IPC Memory | E14: Gerenciar estado do usuário no processo principal do Electron ou via JWT HTTP local.

Sheet Estrutura do Banco (SQLite)
B2: Modelagem de Dados - Tabelas do SQLite (LabManager Desktop)
B3: Esquema de banco de dados relacional leve e local para SQLite / Prisma
B5: Tabela SQLite | C5: Coluna / Atributo | D5: Tipo de Dado & Constraints SQLite | E5: Descrição / Função | F5: Chave / Índice
B6: usuarios | C6: id | D6: INTEGER PRIMARY KEY AUTOINCREMENT | E6: Identificador único do usuário | F6: PRIMARY KEY
B7: usuarios | C7: nome | D7: TEXT NOT NULL | E7: Nome completo | F7: -
B8: usuarios | C8: username | D8: TEXT UNIQUE NOT NULL | E8: Nome de usuário para login | F8: UNIQUE INDEX
B9: usuarios | C9: email | D9: TEXT UNIQUE NOT NULL | E9: E-mail de cadastro | F9: UNIQUE INDEX
B10: usuarios | C10: senha | D10: TEXT NOT NULL | E10: Hash bcrypt da senha | F10: -
B11: usuarios | C11: ativo | D11: BOOLEAN DEFAULT 1 | E11: Status do usuário no sistema | F11: -
B12: laboratorios | C12: id | D12: INTEGER PRIMARY KEY AUTOINCREMENT | E12: ID do laboratório | F12: PRIMARY KEY
B13: laboratorios | C13: nome | D13: TEXT NOT NULL | E13: Nome do laboratório (ex: Lab 01) | F13: -
B14: laboratorios | C14: capacidade | D14: INTEGER CHECK (capacidade IN (40, 32)) | E14: Lotação máxima (1 de 40, 2 de 32) | F14: CHECK constraint
B15: laboratorios | C15: status | D15: TEXT DEFAULT 'ativo' CHECK (status IN ('ativo', 'manutencao')) | E15: Situação atual do laboratório | F15: CHECK constraint
B16: laboratorio_permissoes | C16: laboratorio_id | D16: INTEGER | E16: ID do laboratório | F16: FK -> laboratorios(id)
... B36: notificacoes | C36: lida | D36: BOOLEAN DEFAULT 0 | E36: Flag de leitura (0/1) | F36: -
